PDB,split,non_redundant_protein
1r6w_A,test,True
2y44_A,test,True
1ux6_A,test,True
1jnr_C,train,False
3mx7_A,test,True
1u55_A,train,False
3k59_A,train,False
3owt_A,train,False
4zds_A,train,False
3st1_A,train,False
3mmh_B,train,False
4obi_A,test,True
4ojl_C,train,False
2ie6_A,train,False
3frr_A,train,False
5dje_A,train,False
3rt4_A,train,False
3lui_B,train,False
4ftf_A,test,True
3nqi_A,test,True
1qau_A,train,False
8b3w_A,train,False
1xsz_A,train,False
4g94_B,train,False
7n0j_A,train,False
4exo_A,test,True
1h16_A,test,True
3e4w_B,train,False
2fb5_B,train,False
1ng6_A,train,False
3kz7_A,test,True
2p3p_A,train,False
7w81_B,train,False
1tuk_A,train,False
5noh_B,train,False
2qmj_A,test,True
6exa_B,train,False
3kef_B,train,False
6l34_A,test,True
1cvr_A,train,False
5wfy_A,test,True
4k2m_A,test,True
3iis_M,train,False
1fs1_C,train,False
1c1k_A,test,True
6xrx_A,test,True
1wlg_A,train,False
4qtq_A,test,True
1l5o_A,test,True
5j2l_B,test,True
6in7_A,test,True
3e2d_A,train,False
3a3d_B,train,False
1huf_A,test,True
1wf3_A,train,False
2hq4_B,train,False
3dso_A,test,True
1n7z_B,train,False
1ugp_B,train,False
4cjn_A,train,False
2bmo_B,train,False
2h2z_A,train,False
1eb0_A,train,False
7r79_B,train,False
1r5l_A,test,True
5njb_B,train,False
5m45_K,test,True
2o7o_A,test,True
1v9m_A,test,True
1l2w_J,train,False
2vri_A,test,True
2q9r_A,test,True
2bf6_A,test,True
7mi2_A,train,False
2jhq_A,train,False
1lr0_A,test,True
2a6s_B,train,False
1zw0_G,train,False
4tsh_A,test,True
7nru_A,train,False
2qsk_A,test,True
5wvo_C,test,True
3a6d_F,train,False
1r8m_E,test,True
2cxi_B,test,True
2zfz_D,train,False
2db7_B,train,False
2eo4_A,test,True
3a1g_B,test,True
3dnh_B,test,True
2nuk_A,test,True
4zds_B,test,True
3jsz_A,test,True
1j77_A,test,True
4q7o_B,test,True
4myy_A,test,True
2ozl_A,train,False
3f4m_A,train,False
6dgk_B,test,True
3pkz_A,test,True
5ftw_A,test,True
4b2f_A,test,True
6tgk_C,train,False
2pu3_A,test,True
5b5i_B,test,True
1n7z_A,test,True
4ics_A,train,False
1ojh_C,test,True
2jc5_A,test,True
2v05_A,test,True
5imu_A,test,True
3o0g_D,train,False
3ohg_A,test,True
5ggl_A,test,True
2gib_A,train,False
3fm2_A,train,False
6sup_A,test,True
2xeu_A,train,False
3f7w_A,test,True
7ned_A,test,True
4e1p_B,train,False
4zmk_A,test,True
3wvz_B,train,False
3pkz_B,train,False
5kdw_B,train,False
2qsa_A,test,True
4m0q_B,train,False
6pnv_A,test,True
4y7s_B,train,False
4koq_A,test,True
5t2p_D,train,False
1w2w_E,train,False
2pef_A,train,False
2xu8_B,train,False
3k29_A,train,False
1vbw_A,test,True
1tzv_A,train,False
4rgi_A,test,True
2qq4_B,train,False
2qqc_D,train,False
4rr9_A,test,True
1g38_D,train,False
1sx3_A,test,True
1jyo_F,test,True
2z5e_B,train,False
3gkj_A,test,True
7s94_C,train,False
2gs5_A,test,True
7mfu_A,train,False
4h9q_C,train,False
2pv4_A,test,True
2hqk_A,test,True
1uz3_B,train,False
2vmc_A,test,True
1k5n_A,train,False
3kd4_B,train,False
1wpb_L,train,False
4jgi_B,train,False
2b0t_A,test,True
1qdd_A,test,True
4m37_A,test,True
1chd_A,test,True
2foz_A,train,False
3x0g_A,test,True
3e8t_A,train,False
3do6_A,train,False
2fzp_A,test,True
4fhr_B,test,True
3ol3_A,test,True
3o6p_A,test,True
5exe_C,train,False
1xeo_A,test,True
6y43_A,train,False
4bgp_A,test,True
1ocy_A,test,True
7mf4_A,test,True
1xta_A,test,True
2ox7_B,train,False
2icu_A,train,False
3ipj_A,train,False
2gkr_I,test,True
5iff_B,train,False
4psf_B,train,False
1ssq_D,test,True
1o0s_A,train,False
4oa3_A,train,False
1m7v_A,train,False
2yp8_A,test,True
1y6i_A,train,False
3ka5_A,test,True
3g5k_D,train,False
2x8w_A,train,False
3ofg_A,train,False
3zl8_A,test,True
1svb_A,test,True
5ol4_A,train,False
3ipf_B,train,False
2vzc_A,train,False
1md6_A,train,False
1hc9_B,train,False
6pce_A,train,False
2py5_A,test,True
1oh9_A,test,True
5bs1_B,train,False
5btz_A,test,True
3emi_A,test,True
3npd_A,train,False
3m7a_A,test,True
5erq_A,train,False
1d4t_A,train,False
2pbi_C,train,False
2vac_A,test,True
1q7e_A,train,False
6p5h_A,test,True
6h86_A,test,True
3mqz_A,test,True
1x6i_A,train,False
3rzn_A,train,False
6yud_B,train,False
3hvv_A,train,False
2r2d_A,train,False
5o9e_A,train,False
2xse_A,test,True
1pp0_C,train,False
2oxl_B,test,True
5en2_C,train,False
4jo7_C,train,False
4ytw_C,test,True
3eqx_A,train,False
5ok6_A,train,False
2gwm_A,test,True
2cg7_A,test,True
3vth_A,test,True
1jmx_G,train,False
5b3p_A,test,True
5x1e_D,test,True
1o1x_A,test,True
4fch_B,test,True
6jwh_A,test,True
3k5j_A,test,True
2vm5_A,test,True
1f3u_G,test,True
4rp5_A,test,True
7jrq_A,test,True
1vzy_B,test,True
6uxe_B,train,False
3d7a_B,test,True
2arz_A,train,False
2vh3_A,test,True
6tly_A,train,False
5h6x_A,test,True
3lgb_B,train,False
4u9b_A,test,True
5y4z_A,train,False
2x63_A,train,False
3lpe_B,train,False
7bhc_A,train,False
7adr_C,train,False
3e7h_A,train,False
3ig9_B,train,False
5muy_A,train,False
3wx4_A,test,True
1ptq_A,test,True
1n2m_A,test,True
4bt9_B,test,True
2xf2_A,train,False
4n67_A,test,True
1fx4_A,test,True
4erv_A,test,True
3cjs_C,train,False
1vaj_A,test,True
7qsu_A,test,True
2rdi_A,test,True
2w9y_A,test,True
2dt8_A,test,True
3bpj_C,train,False
3ii2_A,test,True
7ubk_B,train,False
3klr_A,test,True
6mdw_A,test,True
4p5a_B,train,False
2xf5_B,train,False
1yu5_X,test,True
1m8s_A,test,True
1sx3_B,train,False
7qgs_A,train,False
6qgr_B,train,False
5i8j_A,test,True
2wfp_A,train,False
3dha_A,test,True
4gip_B,train,False
1rl6_A,test,True
2qdx_A,train,False
3luu_A,test,True
1ze3_D,train,False
3tdt_A,train,False
1rpo_A,train,False
4jja_A,test,True
1t9i_B,train,False
2v0u_A,test,True
4gsj_A,test,True
4geh_C,train,False
3bec_A,test,True
6bk4_A,test,True
2b9d_A,test,True
3zdm_A,test,True
4qxo_A,test,True
1wq8_A,test,True
6c0h_A,test,True
2gc4_B,test,True
2f6e_A,train,False
4bt9_A,train,False
5w53_A,train,False
1b2s_F,train,False
3fgh_A,train,False
1v2z_A,train,False
1ab1_A,test,True
2zwd_A,test,True
4xo2_A,train,False
2z4u_A,test,True
4na5_A,test,True
1hoe_A,train,False
7rsa_A,train,False
2xrh_A,test,True
2x9o_A,test,True
1pcf_C,train,False
4z8t_B,train,False
1fm4_A,test,True
4xdu_A,test,True
3ov5_A,test,True
1s2o_A,train,False
1cpq_A,test,True
4z8q_B,test,True
3imk_A,test,True
3crv_A,test,True
4qaz_A,train,False
2ycl_A,test,True
5ltj_A,test,True
2pyq_B,test,True
7w81_A,train,False
2ed6_A,test,True
1jo0_A,train,False
7s58_D,train,False
2vkp_B,train,False
2wbf_X,test,True
3zoq_B,train,False
2e5y_B,test,True
6wqd_B,train,False
2cwy_A,train,False
1nh2_B,test,True
2ia1_B,train,False
1lsl_A,test,True
2au7_A,train,False
4ndt_A,test,True
4mmj_A,test,True
5ef9_A,train,False
3nke_B,test,True
1uwk_B,train,False
3las_B,train,False
7nmq_A,test,True
2oy9_B,test,True
3im3_A,test,True
2ia1_A,test,True
1thm_A,train,False
1lwb_A,train,False
3mxz_A,test,True
5dmu_A,test,True
1zjc_A,test,True
1o75_A,test,True
4zqv_A,train,False
6nl2_A,test,True
6a02_A,test,True
2waw_A,test,True
2wzb_A,train,False
2hxm_A,test,True
3u9g_A,test,True
3w1o_A,train,False
1vk1_A,test,True
6tj6_C,train,False
1h99_A,test,True
1v7z_F,test,True
1yqw_B,train,False
8bnt_B,train,False
3dff_A,test,True
3enu_A,train,False
1llf_B,train,False
3lbl_A,train,False
5l0s_A,test,True
1q0q_A,train,False
5kts_A,test,True
1ojh_D,train,False
2au3_A,test,True
2h7g_X,train,False
1vyi_A,test,True
2po4_A,test,True
2v27_A,train,False
2bw3_B,test,True
6fc0_B,test,True
2e7u_A,test,True
3fbl_A,test,True
3eh1_A,test,True
3wp8_A,train,False
4k05_B,train,False
2fip_A,test,True
4zce_B,train,False
2vh3_B,train,False
5x0b_A,train,False
4o87_A,test,True
5uc0_A,train,False
1o98_A,train,False
3a1u_A,train,False
3tee_A,train,False
4epi_A,test,True
1l9l_A,test,True
6qj0_A,test,True
3lq9_A,test,True
6l4p_B,test,True
2fe5_A,test,True
1f5n_A,test,True
7jfl_D,train,False
6cb7_A,test,True
3zr8_X,test,True
5b1n_A,test,True
4ead_A,train,False
2hnu_B,train,False
3gmv_X,test,True
2it2_B,test,True
5xbc_B,train,False
3vhj_A,train,False
3a1g_D,train,False
4geh_A,test,True
1xmk_A,test,True
5x1e_A,train,False
4lur_A,train,False
3zfn_A,test,True
7la6_A,test,True
3ti2_A,train,False
1qlm_A,test,True
4mb5_A,test,True
4omf_B,test,True
2o70_F,train,False
6pxz_B,test,True
1g81_A,train,False
3bjd_B,test,True
2zd2_B,train,False
1ve0_A,test,True
6rwt_A,test,True
3sws_E,train,False
3mm6_A,train,False
3ilw_A,test,True
6vr8_I,train,False
2qcu_B,test,True
1gqe_A,test,True
1p5g_X,test,True
4fbs_A,train,False
2ccq_A,test,True
3omd_B,test,True
1xg0_A,test,True
1q8f_A,train,False
1utg_A,test,True
3pf6_A,test,True
2xc1_B,train,False
1ifg_A,test,True
5xct_B,test,True
1fn9_B,train,False
1mk0_A,test,True
2fef_A,train,False
2yjg_A,test,True
7snb_A,train,False
3ijw_A,train,False
4ehx_A,test,True
2jdd_A,test,True
1zd7_B,train,False
3qc7_A,test,True
1ka1_A,test,True
3ig9_C,test,True
1h8e_G,test,True
4wlr_B,test,True
4lzh_A,test,True
1tg7_A,test,True
4n7w_B,train,False
2y1y_A,test,True
3iiu_M,test,True
3zzo_A,test,True
3l51_B,test,True
1yoc_B,train,False
3gnu_P,test,True
4v4e_M,train,False
3fpn_A,test,True
3pt1_A,test,True
6vg5_A,train,False
3obl_B,train,False
3fh2_A,train,False
1ugp_A,test,True
4h4n_A,test,True
4j8c_B,train,False
3zzr_A,train,False
1xvg_E,test,True
5opm_A,train,False
2vg3_C,test,True
6eu8_A,test,True
6e5y_A,test,True
4j8c_A,test,True
4p3x_A,train,False
1koe_A,train,False
2ygs_A,train,False
3hlz_A,train,False
3bqp_B,train,False
5eqz_A,test,True
1yoz_A,train,False
5jfc_L,train,False
1xhk_B,train,False
3b4q_A,train,False
5fia_B,train,False
3qfl_A,test,True
5jbg_A,test,True
3vc8_A,train,False
3ld7_B,train,False
2o74_F,test,True
2c9i_D,train,False
3jsy_A,train,False
3qc5_X,test,True
5ygh_A,test,True
2ex2_A,test,True
2oqz_A,train,False
2hyv_A,test,True
2ad6_A,train,False
4kct_B,test,True
3ouf_B,train,False
4ued_B,train,False
5bnh_A,test,True
4ew5_B,train,False
3m6z_A,train,False
3qra_A,test,True
3u5v_A,test,True
2fi9_A,train,False
3mfd_A,train,False
3msw_A,test,True
3h8t_A,train,False
1ijx_C,train,False
6wzw_A,train,False
1qz4_A,train,False
3ldu_A,test,True
4qx8_C,train,False
3q1c_A,test,True
6spt_A,train,False
2dlb_A,test,True
16pk_A,test,True
1bgf_A,test,True
3whj_A,train,False
1xkr_A,test,True
1fxo_G,train,False
7c45_A,test,True
1bxy_B,train,False
2wcu_A,train,False
6ao8_A,test,True
1yib_A,train,False
1yu2_A,train,False
2i6d_A,train,False
6sms_A,test,True
4n7w_A,train,False
4z3x_A,test,True
6iah_A,test,True
2igp_A,test,True
1g7t_A,train,False
1z0b_A,test,True
4qlp_A,train,False
1z2u_A,test,True
3ajf_A,test,True
4lim_A,test,True
6ne6_A,train,False
1g2r_A,test,True
3h1w_A,test,True
1kp3_A,train,False
7zou_A,train,False
2fhz_A,test,True
2bln_B,train,False
4bcl_A,train,False
1hbn_E,test,True
6gfx_C,test,True
3kde_C,train,False
3tkk_A,train,False
1skz_A,train,False
3nrw_A,train,False
1wui_S,test,True
4o7j_B,train,False
1dvo_A,test,True
1pch_A,test,True
3ono_A,train,False
1mjf_B,train,False
1h17_A,train,False
3dza_A,train,False
3pvh_A,test,True
4xb6_H,test,True
2uxy_A,train,False
2oez_A,train,False
1ef1_C,train,False
3fpu_A,test,True
2hu9_A,test,True
4cv4_A,test,True
7aqx_A,test,True
3kd4_A,test,True
3dau_A,train,False
2vnl_A,test,True
5wbx_B,train,False
2ot9_A,test,True
6gus_A,test,True
2pst_X,test,True
6q10_A,test,True
1r0k_A,test,True
5a0n_A,test,True
2cx7_A,train,False
5ngd_B,test,True
1egw_B,test,True
5klh_A,test,True
7n0j_E,test,True
2y3w_B,train,False
5hqh_A,test,True
1n8v_B,train,False
2e6x_A,test,True
4ubp_C,train,False
5lc8_A,train,False
3gs9_A,test,True
6qfk_A,test,True
3nis_B,train,False
5e5y_C,test,True
7mq3_A,train,False
2rci_A,test,True
4mzv_A,test,True
1gpj_A,test,True
5m1m_A,test,True
6as3_B,train,False
6p5h_B,train,False
2pnw_A,test,True
3hht_A,train,False
3a1g_A,test,True
3agn_A,test,True
1g7s_A,test,True
3eoj_A,test,True
1j8e_A,test,True
2wfr_A,test,True
4p5a_A,test,True
1v7r_A,train,False
2jft_A,test,True
7t9q_A,train,False
6o2v_B,train,False
1iuq_A,test,True
4gv2_A,test,True
3dpg_B,train,False
4b6i_D,test,True
1wq6_A,test,True
3i94_A,train,False
2q2g_A,test,True
2ovj_A,test,True
1tez_B,train,False
2db7_A,test,True
1u8v_C,train,False
3kbb_A,test,True
2at8_X,test,True
3gwi_A,test,True
5cfl_A,train,False
3ju4_A,test,True
2qud_A,train,False
3c05_A,train,False
3v3l_A,test,True
6jim_B,train,False
2y1q_A,test,True
1wq6_B,train,False
6fub_B,test,True
3k6q_B,train,False
2yvo_A,train,False
2nwv_A,test,True
2ysk_A,test,True
7dmn_A,test,True
5yrv_I,test,True
1uoy_A,test,True
1pby_C,test,True
2xdg_A,train,False
2ofz_A,test,True
2qcu_A,train,False
1qxo_B,train,False
4q6v_A,train,False
1c96_A,test,True
3mil_A,train,False
1rqj_A,train,False
1fk5_A,test,True
4cbe_A,test,True
3fke_A,train,False
2gke_A,train,False
2xjq_A,test,True
2z0j_E,test,True
3rv1_B,test,True
3i57_B,train,False
4ywk_A,test,True
6o2v_A,test,True
5klh_B,train,False
3cyi_A,test,True
4f87_A,test,True
3txs_C,test,True
1qcs_A,test,True
4iaj_B,test,True
3a7l_A,train,False
4ljo_A,test,True
2w39_A,test,True
2dtr_A,test,True
7wab_A,test,True
6mbg_A,test,True
1hw1_B,test,True
7z1k_A,train,False
1m5q_Z,train,False
2x96_A,test,True
6fsw_A,test,True
3let_B,test,True
4ke2_B,train,False
1ls1_A,train,False
2w0g_A,test,True
3vjz_A,train,False
3mwz_A,test,True
4kk7_A,test,True
1fd3_A,test,True
4zya_A,test,True
3a0y_B,train,False
6pce_B,test,True
4oe9_A,train,False
2j6c_A,train,False
5w4a_B,test,True
1s9r_A,train,False
1h02_B,test,True
1bq8_A,test,True
1mix_A,train,False
3dai_A,test,True
1wqj_B,train,False
4v23_A,test,True
2gib_B,test,True
4peg_C,train,False
4jnu_B,test,True
4dol_A,test,True
2hy5_A,train,False
5b6c_A,train,False
2qt4_A,train,False
3sfv_B,test,True
7asg_A,test,True
2bk9_A,test,True
3c8w_C,test,True
7p46_A,test,True
1qb7_A,train,False
5kko_D,test,True
2imf_A,train,False
2pu9_A,test,True
2p12_B,train,False
1j8r_A,test,True
4oe9_B,test,True
2zca_B,test,True
2fj8_A,test,True
4lty_A,test,True
5b42_A,train,False
5w82_B,train,False
2g9e_A,train,False
3da8_A,train,False
2xpp_A,train,False
5hkx_A,test,True
2ixm_A,test,True
3hlz_B,test,True
4jmu_A,test,True
5h7w_B,train,False
3wol_A,test,True
3lyy_A,test,True
5naz_A,test,True
3l51_A,train,False
4zav_A,test,True
4ok9_A,train,False
5kko_C,train,False
7s6q_C,train,False
3nci_A,test,True
5mux_B,test,True
3ni2_A,train,False
3e9v_A,test,True
1i2t_A,test,True
2wqi_D,test,True
1doi_A,test,True
1bkp_A,train,False
1gte_D,test,True
3hxw_A,test,True
4hkd_B,train,False
3d3y_A,test,True
6w6x_A,train,False
5h1n_A,train,False
1wna_A,test,True
2wzg_A,train,False
4xb6_D,train,False
3ktp_A,train,False
1rss_A,test,True
1jhs_A,train,False
1ez3_B,train,False
4pfx_A,train,False
1u09_A,train,False
3kz5_E,test,True
6dgk_A,train,False
1o4k_A,test,True
4ezi_A,test,True
3fn2_B,train,False
6i0i_A,train,False
1u6r_B,train,False
2jek_A,test,True
4hfv_A,test,True
1upt_B,train,False
1ikp_A,test,True
7dif_A,train,False
5lpa_B,train,False
2dt4_A,test,True
3g5t_A,test,True
3pzw_A,test,True
3zoq_C,test,True
2hu9_B,train,False
3zrg_B,train,False
1yqe_A,test,True
4dok_A,train,False
2znr_A,test,True
4jo7_A,test,True
4goq_B,test,True
7z4m_A,train,False
3fkc_A,test,True
4tkx_L,test,True
2ogb_B,train,False
2fos_A,test,True
2jhf_B,train,False
2xm5_A,train,False
5mdu_A,test,True
3kby_B,train,False
1wx1_B,train,False
2pcn_A,test,True
6atg_C,train,False
1zht_A,train,False
3it4_B,test,True
2dka_A,train,False
2fyg_A,test,True
5kvk_A,test,True
2w56_A,test,True
2gg6_A,test,True
3c1q_B,train,False
2qtd_A,test,True
3bl9_B,train,False
2cxi_A,train,False
4fqn_B,train,False
1io1_A,test,True
1ail_A,test,True
2bo1_A,test,True
6okd_C,test,True
2o4t_A,test,True
1r9f_A,test,True
1k7j_A,test,True
2w8x_A,train,False
3wwh_A,test,True
5j3t_B,test,True
2igi_A,train,False
2y7b_A,test,True
2x5r_A,test,True
3hmr_A,train,False
3n8u_A,train,False
4m0q_A,test,True
2ftx_A,test,True
6xb3_H,test,True
2fb6_A,test,True
3eye_A,test,True
4j32_B,train,False
2dlb_B,train,False
5txr_B,test,True
1v4p_C,train,False
1mv8_C,train,False
2rkv_A,test,True
2eq8_C,train,False
4jgn_A,train,False
3mol_B,train,False
2e7z_A,test,True
4v1g_B,test,True
3bwu_D,test,True
1u07_A,train,False
4o6q_A,test,True
3kvd_D,test,True
3glx_A,train,False
1wpb_A,test,True
1g38_A,test,True
3bl9_A,test,True
6jfk_A,train,False
3wvz_A,test,True
2w6k_A,test,True
1ctf_A,test,True
7n51_A,train,False
2xmx_A,train,False
2wny_B,train,False
1njh_A,test,True
7fd1_A,test,True
7zh9_A,train,False
1jq5_A,test,True
4wt3_A,test,True
1dwk_A,test,True
1k8k_E,test,True
1f20_A,test,True
2o6x_A,train,False
6l8s_A,test,True
2x5g_A,test,True
1m15_A,test,True
5n76_F,train,False
5yrt_C,train,False
3sol_A,train,False
1msc_A,test,True
2cfm_A,train,False
4wwr_F,train,False
4iu3_B,test,True
7rm7_A,test,True
2i9x_B,train,False
3hol_A,test,True
2bti_A,test,True
4e5r_A,train,False
5l87_A,test,True
6q9c_B,test,True
3im1_A,train,False
3jub_A,test,True
3po8_A,test,True
2inc_A,train,False
2vcc_A,test,True
3vgp_A,test,True
2vrs_C,test,True
3djl_A,test,True
6bm5_A,train,False
7m8h_A,train,False
2gec_A,train,False
2prv_A,train,False
2wya_A,train,False
1b0n_A,train,False
4s39_A,test,True
2wn3_C,train,False
1aol_A,test,True
4hwx_A,test,True
2hnu_A,test,True
2qjz_A,train,False
6h49_A,test,True
7p46_B,train,False
1n8u_A,test,True
4q0y_B,train,False
2pyq_C,train,False
1oao_C,test,True
7uw7_A,train,False
7ubj_A,train,False
5w5c_A,test,True
4r7q_A,train,False
5vz0_B,train,False
1nl1_A,test,True
4ct7_A,test,True
5w82_E,test,True
1qwz_A,test,True
2wnp_F,test,True
3lk7_A,test,True
5oh5_A,test,True
3l9a_X,test,True
4jgi_A,test,True
3b9q_A,test,True
5gof_A,test,True
3fp5_A,test,True
6okd_D,train,False
5cyz_C,test,True
3q1n_A,test,True
5bmt_B,train,False
3mcb_A,train,False
7z27_A,train,False
3oxp_A,train,False
3lyw_A,train,False
5e3e_E,train,False
5wqq_A,train,False
6b6m_A,train,False
6l3r_E,test,True
1zpe_A,train,False
1ewf_A,test,True
3tbn_A,test,True
3vu0_B,train,False
5vz0_A,test,True
1yoz_B,test,True
4cfi_A,test,True
8b2r_B,train,False
3h1d_A,test,True
4lty_D,train,False
1lj5_A,test,True
6f45_D,test,True
1m9z_A,test,True
2qev_A,train,False
1ig3_A,train,False
1j09_A,train,False
3jtz_A,test,True
2onf_B,train,False
3vej_B,test,True
1krn_A,test,True
2hl7_A,train,False
3lvu_D,train,False
3g28_A,test,True
2bbr_A,test,True
1z1l_A,test,True
4za9_A,test,True
2rji_A,train,False
5udz_A,train,False
1nf8_A,train,False
4eo1_A,test,True
6zpe_A,train,False
1qw2_A,train,False
4qb0_A,test,True
4ebg_B,train,False
5jx1_A,test,True
1xta_B,train,False
5ydn_A,test,True
5wx9_A,train,False
6cb6_A,train,False
2nml_A,test,True
2y39_A,test,True
3ka5_B,train,False
2qia_A,train,False
1dd3_A,train,False
1usm_A,train,False
3ho6_A,train,False
3h5q_A,test,True
2nnu_A,test,True
3emf_A,train,False
2p58_A,test,True
2hwn_D,train,False
4a3p_A,test,True
1vra_B,train,False
4lq4_A,test,True
4ew5_A,test,True
6hj6_A,test,True
3pf6_C,train,False
2j7z_A,train,False
3p3v_B,train,False
2xqu_A,train,False
2vg1_B,train,False
1ijt_A,test,True
3f0o_B,train,False
1woj_A,train,False
3o3x_A,test,True
1vcc_A,test,True
8htw_B,train,False
3ezu_A,test,True
2pfx_A,test,True
3hdj_B,train,False
3jz9_A,test,True
2w6l_A,train,False
3twz_A,test,True
3l4p_A,train,False
2aib_A,train,False
2oeb_A,test,True
2g64_A,train,False
4o87_B,train,False
6y2x_A,test,True
2w0i_A,train,False
5e5q_A,train,False
3ll7_A,test,True
2ra8_A,test,True
3cjs_B,test,True
3m4r_A,test,True
4lpq_A,test,True
1g6g_A,train,False
6q9c_D,train,False
4fc2_B,train,False
7u1y_A,train,False
2ou3_A,train,False
7a66_B,test,True
3lwx_A,test,True
2b0a_A,train,False
2qnl_A,train,False
3bpt_A,test,True
4xb6_E,test,True
3mhs_B,test,True
5zmo_A,test,True
6l8s_C,train,False
4yxp_A,test,True
5ori_A,train,False
1nij_A,test,True
3p3o_A,train,False
1dk8_A,test,True
6avj_B,train,False
3f43_A,train,False
4d71_A,test,True
1tdz_A,train,False
6q9c_C,train,False
3wkx_A,test,True
1whz_A,test,True
6pxz_C,train,False
5eg7_A,test,True
2wlt_A,test,True
2dfx_I,train,False
2i5v_O,test,True
1sdi_A,test,True
3apr_E,train,False
1n8o_E,train,False
6l4l_A,test,True
2ed6_J,train,False
4o66_D,test,True
2rkq_A,test,True
3igz_B,test,True
6zdt_B,train,False
5noh_A,test,True
1coj_A,test,True
4ngd_A,test,True
3aa6_B,test,True
2gg2_A,test,True
4phr_A,test,True
2z0a_B,train,False
3ga3_A,test,True
4f55_A,test,True
4g75_A,test,True
2bfw_A,test,True
2fef_B,test,True
5mux_C,train,False
5t76_A,test,True
2vi1_A,test,True
6e7e_A,test,True
2in8_A,test,True
3n4i_B,train,False
3t92_A,test,True
1x0a_A,train,False
6p5x_B,test,True
6as3_A,test,True
3ol4_A,train,False
6dfp_A,train,False
1feh_A,test,True
2z7f_I,test,True
5l0r_A,train,False
1hq0_A,test,True
3ueb_E,test,True
1sei_A,test,True
3l4h_A,test,True
3vkw_A,test,True
1uzp_A,train,False
3se9_G,train,False
6d7y_A,test,True
3nr1_A,train,False
1a62_A,test,True
4a56_A,test,True
5pal_A,test,True
2q7x_A,train,False
2p6h_B,train,False
1uz3_A,test,True
3dd6_A,test,True
4goe_A,train,False
1h2e_A,test,True
4h9n_C,test,True
4h9m_A,test,True
1nns_A,train,False
5b1q_B,test,True
4o6g_A,test,True
6oz1_A,test,True
7lao_A,test,True
1iom_A,test,True
2p2v_A,test,True
2qhq_A,train,False
6jwj_A,train,False
1msk_A,test,True
4zi3_C,train,False
2pq8_A,test,True
2op6_A,train,False
2b9d_B,train,False
2rbk_A,test,True
1ys1_X,test,True
2py5_B,train,False
1x6j_A,test,True
4u5h_G,test,True
1qxy_A,train,False
3bn0_A,test,True
1ntv_A,train,False
4ayg_B,test,True
2ppp_A,train,False
3h0n_A,test,True
5kdv_A,test,True
6jv8_A,test,True
5n6y_C,test,True
3lur_B,train,False
1tov_A,test,True
1dlj_A,test,True
5fub_A,train,False
5hee_B,test,True
5muy_B,test,True
4ghn_A,test,True
1fn9_A,test,True
4reo_A,train,False
3ckf_A,train,False
4gjp_A,train,False
6anz_A,test,True
2xz3_A,test,True
1ikt_A,test,True
6ndw_B,test,True
7uhe_C,train,False
3bpj_B,test,True
7r79_C,train,False
2v6a_O,train,False
6odd_B,test,True
2gh0_D,train,False
3g06_A,test,True
1ypy_A,test,True
1vkm_D,train,False
3t4r_A,test,True
6xds_A,test,True
2wsi_A,test,True
2p54_A,train,False
6e6o_A,train,False
5uki_A,test,True
6l3r_A,train,False
6bn0_A,test,True
4xb5_A,test,True
3in9_A,train,False
3c2q_B,test,True
2yvq_A,test,True
5lpa_A,test,True
5x1e_B,test,True
5b1q_A,train,False
6j56_B,train,False
1esw_A,test,True
6xb3_A,train,False
1dd3_B,test,True
3pjy_B,train,False
5jou_A,train,False
6gu2_C,train,False
3nrl_A,train,False
3bzm_A,train,False
2psp_B,train,False
5iz3_B,train,False
5kwb_A,test,True
3p4h_A,test,True
5b5i_A,train,False
2fp1_A,train,False
2ftx_B,train,False
3owt_B,test,True
4xgl_A,test,True
5ngd_D,train,False
3g0m_A,test,True
2vfq_A,train,False
6hem_A,test,True
1xwl_A,test,True
3l32_B,train,False
4cdp_A,test,True
6bwr_A,train,False
4wkz_A,train,False
3bq9_B,train,False
3kby_A,test,True
6rrv_A,train,False
7k7p_B,test,True
2hba_A,train,False
1yd3_A,train,False
2nug_B,test,True
2pqx_A,test,True
6z2t_A,train,False
3wok_A,train,False
6lrd_A,test,True
2end_A,test,True
3kwr_A,train,False
3ehg_A,test,True
1xkn_A,test,True
2pag_A,test,True
3p3g_A,test,True
1s9u_A,test,True
2v9m_A,train,False
1ef1_D,test,True
1v0w_A,test,True
1vcl_A,train,False
1vbi_A,test,True
2vy8_A,test,True
6c62_D,train,False
3ajf_B,train,False
1fs1_A,test,True
7lp1_A,test,True
3ic3_C,train,False
5jfc_S,train,False
2lis_A,train,False
3gqv_A,test,True
3ouf_A,train,False
5dje_B,test,True
3ofg_B,test,True
2ad6_D,test,True
2dwk_A,test,True
5dpo_A,test,True
5t2p_B,test,True
2f60_K,test,True
2osa_A,train,False
4e40_A,train,False
3ot9_B,train,False
1j2l_A,test,True
4g6d_B,test,True
4byz_A,test,True
4qbu_A,test,True
3dgp_B,test,True
5n0s_A,test,True
1vct_A,train,False
1yu0_A,test,True
3bhg_A,test,True
2b7r_A,test,True
7onn_A,test,True
3ikw_A,test,True
4rhf_A,train,False
3c0f_B,test,True
5el3_B,train,False
5iff_A,test,True
5nir_A,train,False
4adn_B,test,True
2jh3_A,train,False
1lfp_A,test,True
5m45_B,train,False
2rjw_A,train,False
1w2w_A,test,True
5ezu_A,test,True
6a0p_A,train,False
3fyb_A,test,True
4q0y_A,test,True
1m5q_I,test,True
2glz_B,train,False
1qnx_A,test,True
3on9_B,train,False
2qwo_B,train,False
2oez_B,test,True
3nrl_B,test,True
1yoe_A,test,True
4f98_A,test,True
3tvj_I,test,True
2z0x_A,test,True
4qx8_B,test,True
2gqt_A,train,False
1bxy_A,test,True
4ebg_A,test,True
5nod_A,train,False
2pmk_A,test,True
1jif_A,train,False
3nyy_A,test,True
3ghd_A,train,False
2ims_A,train,False
1v30_A,train,False
1dzf_A,test,True
1gqv_A,test,True
6ro6_A,test,True
2bjq_A,test,True
6kty_A,test,True
3f0p_A,train,False
2bjf_A,train,False
4pz1_A,test,True
3mcb_B,test,True
1vkm_C,test,True
6dlm_A,test,True
4iaj_A,train,False
2zzd_E,test,True
3lpc_A,test,True
3oi8_B,train,False
1whi_A,test,True
5z51_A,test,True
2p84_A,test,True
2g7o_A,test,True
1uxy_A,test,True
3bk5_A,test,True
6b1z_A,test,True
1zdy_A,test,True
3zcb_B,train,False
5o5s_A,train,False
4cv7_A,train,False
1kpt_A,train,False
1z21_A,test,True
5jca_S,test,True
4u5h_B,train,False
1w6s_D,train,False
6jpt_A,test,True
3mmy_D,test,True
3txs_B,train,False
1vzy_A,train,False
1xo7_B,train,False
8dkp_B,train,False
4jnu_A,train,False
3q1p_A,train,False
6j56_A,test,True
1w9g_A,train,False
2rku_A,train,False
6idx_A,test,True
4gip_A,test,True
3kz5_B,train,False
1z7k_B,train,False
1sei_B,train,False
4af1_A,test,True
3rlk_A,test,True
2pbk_B,test,True
5vap_A,train,False
6e33_A,test,True
1gnt_A,test,True
1x3o_A,train,False
6mm7_C,train,False
1mlw_A,test,True
3hgl_A,test,True
1dci_C,train,False
4uhv_B,train,False
2gwn_A,test,True
2jlq_A,test,True
2qp2_A,test,True
1btk_A,train,False
1ru4_A,test,True
4p7x_A,test,True
3cml_A,train,False
3hms_A,test,True
3bqk_A,test,True
2hng_A,test,True
5v0m_A,test,True
7e2s_A,test,True
5ja5_A,test,True
4y93_A,test,True
4wyw_A,test,True
3lq9_B,train,False
2d28_C,test,True
8dkp_A,train,False
2gkp_A,test,True
1ql0_B,train,False
1kop_A,train,False
3l32_A,test,True
4jqu_B,test,True
2qhq_B,test,True
1zn6_A,test,True
5e7x_A,test,True
5g38_A,train,False
1y7t_B,train,False
6l3m_B,train,False
1rk8_B,test,True
4gk9_A,test,True
4ddp_A,test,True
2d5b_A,test,True
2wb6_A,test,True
3l2a_A,test,True
7zz7_A,train,False
4xb4_A,train,False
4a1k_A,train,False
3dan_A,test,True
1jwq_A,test,True
5c8q_B,test,True
2r31_A,test,True
8bbm_A,train,False
5h2d_A,test,True
3lyf_D,train,False
1sf9_A,test,True
1p27_C,train,False
3bzn_A,test,True
2ii1_D,test,True
4hfq_B,test,True
1b2s_E,test,True
4ny3_A,train,False
6eof_A,test,True
4qn8_B,test,True
6uof_A,test,True
3apa_A,test,True
3ipf_A,test,True
1ix9_A,train,False
3ib5_A,test,True
2wr8_A,test,True
3d1g_A,train,False
5njl_A,test,True
6ro6_B,train,False
3eto_A,test,True
5x1e_E,train,False
2xz2_A,test,True
1k30_A,train,False
2fma_A,test,True
5w4d_B,train,False
5hz7_A,test,True
3vnb_A,test,True
1ear_A,test,True
3ic3_B,test,True
7a66_C,train,False
2ebb_A,test,True
3g98_B,train,False
1zsw_A,test,True
4m62_S,test,True
3dqy_A,train,False
2phn_A,test,True
1kgq_A,test,True
6cka_B,test,True
2v4n_A,test,True
6ovk_R,test,True
4aqr_D,test,True
4whe_A,test,True
4ckk_A,train,False
1knt_A,test,True
2oxl_A,train,False
4o66_C,train,False
4alz_A,test,True
2yzs_B,train,False
5a67_A,test,True
2obl_A,test,True
3rmq_A,test,True
2nsa_A,test,True
7ec1_A,test,True
3q3u_A,train,False
1by2_A,test,True
1vr8_A,test,True
1ojq_A,train,False
2j6b_A,test,True
2rff_A,test,True
6h95_A,train,False
1t95_A,train,False
2xol_B,train,False
4npd_A,test,True
1b8d_K,train,False
5um3_A,test,True
7aex_A,test,True
4oxw_A,test,True
2puo_A,train,False
5ij2_B,train,False
3nuf_A,train,False
4dlh_B,test,True
1hp1_A,test,True
1pdo_A,train,False
1t8k_A,test,True
2bti_B,train,False
3bri_A,train,False
3svi_A,train,False
4p3a_B,train,False
2oxo_A,test,True
3vor_A,train,False
2gc4_L,train,False
7sao_A,train,False
2z6o_A,train,False
2pbk_A,train,False
1f9p_A,test,True
3c8y_A,train,False
3boe_A,test,True
1b25_D,train,False
3jsy_B,test,True
6vjg_A,test,True
3fhf_A,train,False
1c52_A,test,True
5dmp_A,train,False
2p3p_B,test,True
6dnm_A,test,True
3a2q_A,test,True
3ip4_A,train,False
6sdk_A,train,False
5j72_A,test,True
6a9a_A,test,True
3e0z_B,train,False
3n4j_A,test,True
2jh3_B,test,True
5v6g_A,train,False
5by8_B,test,True
3v68_A,test,True
2drv_B,train,False
1i4m_A,test,True
3ush_A,train,False
5hub_A,test,True
1d3y_B,test,True
1lln_A,train,False
2rij_A,test,True
2ov9_B,train,False
2yyv_B,train,False
4kmn_A,train,False
4dja_A,test,True
1upt_D,test,True
3ino_A,train,False
1e7l_B,train,False
1t61_E,train,False
4xo1_A,test,True
2y3w_A,test,True
2vlf_B,train,False
4zbo_D,train,False
2gfq_A,train,False
3lx5_A,test,True
2yxn_A,train,False
3tgt_A,test,True
3t7z_A,test,True
2hq4_A,test,True
1vlb_A,test,True
5ce9_A,train,False
1xty_B,train,False
7buy_A,test,True
1zt5_A,test,True
5z1n_A,test,True
5bty_A,train,False
1ok0_A,test,True
5gw6_A,test,True
4ke2_C,test,True
1qhv_A,test,True
5zlq_A,test,True
6y5p_B,train,False
3oyv_A,test,True
5j47_A,test,True
3wa1_A,test,True
4yal_A,train,False
2e6x_D,train,False
2hhv_A,train,False
4xb6_C,train,False
1d3y_A,train,False
5g68_A,test,True
7zoy_A,train,False
6i3v_A,train,False
2z6r_A,train,False
4ksn_A,train,False
1enj_A,train,False
4gvq_C,train,False
4qmd_A,test,True
3ush_B,test,True
2aj7_A,train,False
3p5p_A,test,True
5syr_B,train,False
1tgr_A,train,False
6pr1_B,train,False
2vfx_C,train,False
1cm3_A,train,False
7ead_A,test,True
3cla_A,train,False
1l2p_A,test,True
1dpt_A,train,False
5z42_A,test,True
7p41_D,test,True
4wrp_B,train,False
2p12_A,test,True
6ovm_R,train,False
2d1l_A,test,True
1wbe_A,test,True
5ert_A,test,True
4xpz_A,test,True
5n0n_A,test,True
1l2w_I,test,True
3t7h_B,train,False
2cc6_A,train,False
5fbf_A,train,False
1wn9_A,train,False
6hat_B,train,False
7vfk_A,train,False
4qn8_A,train,False
3h2d_B,train,False
5w53_B,test,True
2ahn_A,train,False
4oj6_C,test,True
5hkq_I,train,False
1u6t_A,test,True
3g6i_A,train,False
3msu_B,train,False
3vc8_B,test,True
1rrm_A,train,False
3h93_A,test,True
3cw3_A,test,True
1dj0_B,train,False
4rsw_B,train,False
6ono_C,test,True
1tag_A,test,True
4goq_A,train,False
5mu4_A,train,False
4wzg_A,test,True
3mmy_F,train,False
1cuo_A,test,True
7c21_A,train,False
6nl2_B,train,False
5a5y_A,train,False
5ul4_A,train,False
3ooi_A,test,True
5gv0_A,test,True
5znj_A,test,True
5htl_A,train,False
5jr5_A,train,False
7s86_A,test,True
5osw_A,test,True
2es9_A,test,True
4k2m_B,train,False
2x49_A,test,True
4gn0_A,test,True
4ea9_A,test,True
1zos_C,train,False
3czz_B,train,False
3lae_A,train,False
3o79_A,train,False
3quo_A,train,False
6q9c_A,test,True
1ouw_C,train,False
2i9x_A,test,True
2v4b_B,test,True
2i9w_A,test,True
2cfe_A,test,True
3jza_B,train,False
5cof_A,test,True
2p9x_A,train,False
2bko_A,test,True
1gwe_A,test,True
1d2t_A,test,True
3b4w_A,test,True
7uhe_A,train,False
5hob_F,train,False
2p9x_D,test,True
5e3e_A,test,True
1t7v_A,test,True
2eu7_X,train,False
3l1e_A,train,False
1uha_A,test,True
4ksn_C,test,True
3aa0_A,train,False
4e1p_A,test,True
4ayg_A,train,False
2wkx_A,train,False
1xkg_A,test,True
7ccg_A,train,False
1zxx_A,test,True
6hr2_B,train,False
3g3s_B,train,False
7bqi_A,train,False
2id6_A,train,False
7kwt_A,train,False
1dtd_B,test,True
1ryl_A,test,True
3ju3_A,test,True
6mi3_B,train,False
1v1h_C,train,False
1r6l_A,train,False
7zkk_B,train,False
3hfw_A,test,True
1rm6_B,test,True
2i2f_A,test,True
2e8e_A,test,True
6ypi_A,test,True
1t8h_A,train,False
1wui_L,test,True
1vzm_B,train,False
2ov9_C,test,True
5dbl_A,test,True
5k6d_B,train,False
1yqw_Q,train,False
3m66_A,test,True
2pmb_C,test,True
2b97_A,train,False
1j5u_A,test,True
1nty_A,test,True
5bnh_D,train,False
6asd_C,train,False
4uc8_A,train,False
3omd_A,train,False
4rp4_A,train,False
2y4x_B,test,True
1nkp_D,train,False
4edk_A,train,False
6mdx_A,train,False
6d7y_B,test,True
3lkt_Q,train,False
5a0d_B,train,False
1q74_C,train,False
3x38_B,train,False
3wur_B,test,True
7bwf_B,test,True
4y7s_A,test,True
6o6y_A,test,True
6lus_A,test,True
6zsl_B,test,True
1qxo_A,test,True
1jyo_E,train,False
2pa6_B,train,False
4rnz_A,test,True
3pes_A,test,True
5ii7_A,test,True
3d2q_A,train,False
1w53_A,test,True
3q0i_A,test,True
6e0x_B,train,False
3u7t_A,train,False
3v0r_A,test,True
1g9g_A,test,True
2cyj_A,test,True
4csb_A,test,True
2b3y_A,train,False
1juv_A,test,True
3on9_A,test,True
2wzo_A,test,True
3zfp_A,train,False
1af7_A,train,False
5m33_A,train,False
2wpq_C,train,False
4ys0_A,test,True
3b4q_B,test,True
1i0v_A,train,False
1ois_A,test,True
6bwq_A,test,True
3ngg_B,train,False
3ebh_A,test,True
1dow_A,train,False
2h1t_B,train,False
3c9p_A,test,True
1jyo_B,train,False
2xf7_A,test,True
1dfu_P,train,False
8ezh_B,train,False
3rkg_A,test,True
7ecq_A,train,False
3onj_A,test,True
5kza_A,train,False
1hye_A,test,True
2vfk_A,test,True
2hgx_B,train,False
4arl_B,train,False
4wrp_A,test,True
3gqh_A,train,False
1wlg_B,test,True
5v7m_A,test,True
1puc_A,test,True
3jv1_A,train,False
2i5u_A,test,True
3pes_B,train,False
4mp8_A,test,True
1lri_A,test,True
1wpu_A,test,True
1xg0_B,train,False
6o19_A,train,False
5vu3_B,train,False
6fbz_B,train,False
5iqj_A,train,False
4zac_D,train,False
2gpi_A,test,True
1y0n_A,test,True
5v03_B,test,True
2x5h_B,train,False
4ykd_A,test,True
4zi3_D,test,True
3f2e_A,train,False
5i8j_B,train,False
3m5q_A,test,True
6yhu_B,test,True
5lbd_A,train,False
3a39_A,test,True
3bzl_D,test,True
3lti_A,test,True
5op0_B,train,False
2f5t_X,train,False
1e6y_D,train,False
5iqj_C,test,True
3nl9_A,train,False
3a1g_C,train,False
6h86_B,train,False
3m7d_A,test,True
4j4r_A,test,True
4ue8_B,test,True
1vdk_B,train,False
2yzt_A,test,True
2ppv_A,test,True
3ncl_A,test,True
1nnh_A,train,False
6c62_C,test,True
1iqq_A,train,False
7n1n_A,train,False
2pw8_I,test,True
2oy9_A,train,False
1im5_A,test,True
2i7c_C,test,True
